slug,name_es,name_en,suggested_lead_price_cents,currency
albanileria,Albañilería,Masonry,500,EUR
carpinteria,Carpintería,Carpentry,500,EUR
cerrajeria,Cerrajería,Locksmithing,500,EUR
climatizacion,Climatización,Heating & Air Conditioning,500,EUR
cristaleria,Cristalería,Glazing,500,EUR
electricidad,Electricidad,Electrical Work,500,EUR
fontaneria,Fontanería,Plumbing,500,EUR
jardineria,Jardinería,Gardening,500,EUR
limpieza,Limpieza,Cleaning,500,EUR
pintura,Pintura,Painting,500,EUR
reforma-integral,Reforma integral,Full Renovation,500,EUR
tejados,Tejados y cubiertas,Roofing,500,EUR
